iter,label,metric,df,F,R2,p,n_units,n_trt_lvls
1,Rarefied,Jaccard (incidence),2,2.2616868965721006,0.42984064636106556,0.016,9,3
1,Rarefied,Gower (sqrt→z),2,4.497985234331906,0.5998925169572824,0.002,9,3
1,Rarefied,Gower (prop→z),2,2.795449868927525,0.48235252347111346,0.015,9,3
2,Rarefied,Jaccard (incidence),2,2.113015635116743,0.4132621110337164,0.022,9,3
2,Rarefied,Gower (sqrt→z),2,5.177147975998658,0.6331239193902914,0.006,9,3
2,Rarefied,Gower (prop→z),2,1.3949177475494279,0.31739336835762705,0.152,9,3
3,Rarefied,Jaccard (incidence),2,2.0620763992906848,0.4073578185385804,0.075,9,3
3,Rarefied,Gower (sqrt→z),2,4.8002657625030185,0.61539771959803935,0.011,9,3
3,Rarefied,Gower (prop→z),2,1.9059185812735877,0.3884937244064101,0.062,9,3
4,Rarefied,Jaccard (incidence),2,3.1632719265405473,0.5132455559714524,0.01,9,3
4,Rarefied,Gower (sqrt→z),2,6.731552580490981,0.6917244216494134,0.005,9,3
4,Rarefied,Gower (prop→z),2,2.3804323367500153,0.4424239889592006,0.007,9,3
5,Rarefied,Jaccard (incidence),2,3.313571218818875,0.524833110132995,0.007,9,3
5,Rarefied,Gower (sqrt→z),2,5.733231406678955,0.656484540452498,0.003,9,3
5,Rarefied,Gower (prop→z),2,2.7331095317652534,0.47672375987620713,0.011,9,3
6,Rarefied,Jaccard (incidence),2,3.308505089946625,0.5244515210456329,0.007,9,3
6,Rarefied,Gower (sqrt→z),2,5.608448128847128,0.651505131343369,0.007,9,3
6,Rarefied,Gower (prop→z),2,2.1431196176392646,0.4166964365925004,0.02,9,3
7,Rarefied,Jaccard (incidence),2,2.15427360891981,0.4179587217084669,0.09,9,3
7,Rarefied,Gower (sqrt→z),2,5.44793493519075,0.6448836286009746,0.011,9,3
7,Rarefied,Gower (prop→z),2,2.0591616579365493,0.40701637883150926,0.051,9,3
8,Rarefied,Jaccard (incidence),2,1.372882625500007,0.3139536875502183,0.193,9,3
8,Rarefied,Gower (sqrt→z),2,4.28859003171709,0.5883977577356974,0.017,9,3
8,Rarefied,Gower (prop→z),2,1.709785795317847,0.36302835619777046,0.081,9,3
9,Rarefied,Jaccard (incidence),2,2.2606600909183068,0.42972935940510154,0.068,9,3
9,Rarefied,Gower (sqrt→z),2,5.081088066818051,0.6287628627240963,0.01,9,3
9,Rarefied,Gower (prop→z),2,2.024798332875241,0.4029611138078512,0.034,9,3
10,Rarefied,Jaccard (incidence),2,2.5318335713698197,0.457684335348302,0.072,9,3
10,Rarefied,Gower (sqrt→z),2,5.247433538405814,0.6362504788877772,0.008,9,3
10,Rarefied,Gower (prop→z),2,2.7586433344446295,0.47904396473803784,0.008,9,3
11,Rarefied,Jaccard (incidence),2,1.7112167111071828,0.36322182061224473,0.126,9,3
11,Rarefied,Gower (sqrt→z),2,4.690153514907838,0.6098907526118544,0.018,9,3
11,Rarefied,Gower (prop→z),2,1.9314978976924766,0.39166556242399564,0.048,9,3
12,Rarefied,Jaccard (incidence),2,1.4157644395117568,0.3206159338672276,0.192,9,3
12,Rarefied,Gower (sqrt→z),2,4.914649718109563,0.6209560616263685,0.016,9,3
12,Rarefied,Gower (prop→z),2,1.6434500525695868,0.35392865950181507,0.106,9,3
13,Rarefied,Jaccard (incidence),2,2.1569823360289955,0.41826444138839636,0.123,9,3
13,Rarefied,Gower (sqrt→z),2,4.743662746255746,0.6125864337970328,0.016,9,3
13,Rarefied,Gower (prop→z),2,2.166975995989582,0.41938959996553293,0.033,9,3
14,Rarefied,Jaccard (incidence),2,1.2481822544231786,0.2938156085755454,0.374,9,3
14,Rarefied,Gower (sqrt→z),2,3.4906605737715624,0.5377974297218914,0.047,9,3
14,Rarefied,Gower (prop→z),2,1.125139152429487,0.2727518056613532,0.377,9,3
15,Rarefied,Jaccard (incidence),2,2.3039364147746957,0.43438235955409055,0.018,9,3
15,Rarefied,Gower (sqrt→z),2,5.103316489672792,0.6297812131831051,0.004,9,3
15,Rarefied,Gower (prop→z),2,2.000083684923404,0.40001004202273527,0.029,9,3
16,Rarefied,Jaccard (incidence),2,0.9256097215047626,0.2357875049152768,0.536,9,3
16,Rarefied,Gower (sqrt→z),2,3.1257417889288934,0.510263392847879,0.045,9,3
16,Rarefied,Gower (prop→z),2,0.955314921410528,0.24152689239466366,0.498,9,3
17,Rarefied,Jaccard (incidence),2,3.750652465227127,0.5555985120767042,0.011,9,3
17,Rarefied,Gower (sqrt→z),2,5.640582169096027,0.6528011722717222,0.004,9,3
17,Rarefied,Gower (prop→z),2,2.708095682814961,0.4744306741332439,0.008,9,3
18,Rarefied,Jaccard (incidence),2,2.6068118931378477,0.46493657051849974,0.11,9,3
18,Rarefied,Gower (sqrt→z),2,4.93856805813181,0.6220980940099172,0.018,9,3
18,Rarefied,Gower (prop→z),2,1.7983070525435756,0.3747794863586931,0.107,9,3
19,Rarefied,Jaccard (incidence),2,1.627601870058971,0.35171605418126206,0.169,9,3
19,Rarefied,Gower (sqrt→z),2,4.320331951955033,0.5901825190866116,0.025,9,3
19,Rarefied,Gower (prop→z),2,1.916553047954415,0.38981640780868165,0.072,9,3
20,Rarefied,Jaccard (incidence),2,3.0305324805657214,0.5025314912625143,0.004,9,3
20,Rarefied,Gower (sqrt→z),2,5.382704458937005,0.6421202710061398,0.004,9,3
20,Rarefied,Gower (prop→z),2,2.474077517005628,0.4519624556502392,0.016,9,3
21,Rarefied,Jaccard (incidence),2,2.873719746360579,0.4892504018669204,0.01,9,3
21,Rarefied,Gower (sqrt→z),2,5.734168671828476,0.6565214031558245,0.003,9,3
21,Rarefied,Gower (prop→z),2,1.8286337001900694,0.37870623736028863,0.047,9,3
22,Rarefied,Jaccard (incidence),2,3.4804580421519287,0.537069759500548,0.023,9,3
22,Rarefied,Gower (sqrt→z),2,4.858030943826292,0.6182249699134912,0.004,9,3
22,Rarefied,Gower (prop→z),2,2.351807684843471,0.43944174068584,0.008,9,3
23,Rarefied,Jaccard (incidence),2,1.7590827824737179,0.3696264307382707,0.132,9,3
23,Rarefied,Gower (sqrt→z),2,4.040654394676698,0.5739032436717473,0.018,9,3
23,Rarefied,Gower (prop→z),2,1.8903828406864316,0.3865510947239237,0.079,9,3
24,Rarefied,Jaccard (incidence),2,3.0653747030863125,0.5053891726634009,0.008,9,3
24,Rarefied,Gower (sqrt→z),2,5.964344531940429,0.6653408412281743,0.005,9,3
24,Rarefied,Gower (prop→z),2,3.157501528198316,0.5127894022824873,0.009,9,3
25,Rarefied,Jaccard (incidence),2,1.9240599764983644,0.3907466573684216,0.029,9,3
25,Rarefied,Gower (sqrt→z),2,5.42975890342155,0.6441179357119773,0.006,9,3
25,Rarefied,Gower (prop→z),2,2.0035705616582984,0.40042816164348627,0.027,9,3
26,Rarefied,Jaccard (incidence),2,0.9133331988592535,0.23339009290736917,0.604,9,3
26,Rarefied,Gower (sqrt→z),2,3.359710659760442,0.5282804265008805,0.009,9,3
26,Rarefied,Gower (prop→z),2,1.2573204742422182,0.29533141370242155,0.245,9,3
27,Rarefied,Jaccard (incidence),2,1.5535389484090447,0.34117177123341264,0.136,9,3
27,Rarefied,Gower (sqrt→z),2,4.972435968881183,0.6237034688381442,0.011,9,3
27,Rarefied,Gower (prop→z),2,1.719508278547866,0.3643405577576267,0.076,9,3
28,Rarefied,Jaccard (incidence),2,2.2116974064448427,0.4243717994275403,0.04,9,3
28,Rarefied,Gower (sqrt→z),2,4.739645747426076,0.6123853600149993,0.003,9,3
28,Rarefied,Gower (prop→z),2,1.5429740074024012,0.3396396292138701,0.111,9,3
29,Rarefied,Jaccard (incidence),2,1.4962279374323872,0.3327740404297257,0.181,9,3
29,Rarefied,Gower (sqrt→z),2,5.242968890201546,0.636053460839078,0.006,9,3
29,Rarefied,Gower (prop→z),2,1.6324182579142092,0.3523900837592375,0.104,9,3
30,Rarefied,Jaccard (incidence),2,3.502941691563143,0.5386703214804812,0.003,9,3
30,Rarefied,Gower (sqrt→z),2,6.274367292366111,0.676527799101794,0.005,9,3
30,Rarefied,Gower (prop→z),2,3.123430093026771,0.5100785091975927,0.007,9,3
31,Rarefied,Jaccard (incidence),2,1.7046278565683508,0.362330009628379,0.147,9,3
31,Rarefied,Gower (sqrt→z),2,4.3005040812305815,0.5890694715570495,0.007,9,3
31,Rarefied,Gower (prop→z),2,1.7847620051055493,0.3730095672890586,0.057,9,3
32,Rarefied,Jaccard (incidence),2,3.5445873822104,0.5416059371207044,0.014,9,3
32,Rarefied,Gower (sqrt→z),2,6.748594710777194,0.6922633375369004,0.001,9,3
32,Rarefied,Gower (prop→z),2,2.61331375646558,0.4655563308670371,0.004,9,3
33,Rarefied,Jaccard (incidence),2,1.7678912235946955,0.3707910144522582,0.123,9,3
33,Rarefied,Gower (sqrt→z),2,5.550374515166064,0.6491381757981705,0.017,9,3
33,Rarefied,Gower (prop→z),2,2.2591487797168743,0.4295654818570269,0.019,9,3
34,Rarefied,Jaccard (incidence),2,3.618277755491646,0.5467098676070689,0.008,9,3
34,Rarefied,Gower (sqrt→z),2,5.612850602805765,0.6516832651175087,0.006,9,3
34,Rarefied,Gower (prop→z),2,1.8751636556236995,0.38463604261994816,0.041,9,3
35,Rarefied,Jaccard (incidence),2,1.5689141341917767,0.34338884209941756,0.159,9,3
35,Rarefied,Gower (sqrt→z),2,5.730764776128103,0.6563874898791592,0.008,9,3
35,Rarefied,Gower (prop→z),2,1.7632963900133123,0.37018405860912307,0.047,9,3
36,Rarefied,Jaccard (incidence),2,0.9729411400202073,0.24489190897382848,0.427,9,3
36,Rarefied,Gower (sqrt→z),2,3.8467897552800197,0.5618384517084816,0.024,9,3
36,Rarefied,Gower (prop→z),2,0.9282998782679465,0.2363108487219793,0.586,9,3
37,Rarefied,Jaccard (incidence),2,1.7388089464171586,0.3669295314663001,0.115,9,3
37,Rarefied,Gower (sqrt→z),2,6.11151479205002,0.6707462953780683,0.004,9,3
37,Rarefied,Gower (prop→z),2,2.147400743902817,0.4171815739130958,0.019,9,3
38,Rarefied,Jaccard (incidence),2,2.2744466743341074,0.4312199581809695,0.017,9,3
38,Rarefied,Gower (sqrt→z),2,4.8723936066733895,0.6189214932727811,0.005,9,3
38,Rarefied,Gower (prop→z),2,2.0083411257943284,0.4009992680911493,0.009,9,3
39,Rarefied,Jaccard (incidence),2,2.6432346650461405,0.46838999650646795,0.009,9,3
39,Rarefied,Gower (sqrt→z),2,6.598842725833324,0.6874623237730405,0.002,9,3
39,Rarefied,Gower (prop→z),2,2.141927093465631,0.41656115587239567,0.023,9,3
40,Rarefied,Jaccard (incidence),2,2.3219191808627753,0.43629358168613747,0.079,9,3
40,Rarefied,Gower (sqrt→z),2,5.764931295119693,0.657726923464831,0.018,9,3
40,Rarefied,Gower (prop→z),2,2.4605428259542506,0.45060407076365366,0.035,9,3
41,Rarefied,Jaccard (incidence),2,1.1406276046931636,0.2754721538832249,0.373,9,3
41,Rarefied,Gower (sqrt→z),2,4.194761776232918,0.5830299746810018,0.011,9,3
41,Rarefied,Gower (prop→z),2,1.269052851441224,0.2972680113371739,0.272,9,3
42,Rarefied,Jaccard (incidence),2,1.9217418350471633,0.39045969891444904,0.069,9,3
42,Rarefied,Gower (sqrt→z),2,5.359679995530581,0.6411345886919212,0.008,9,3
42,Rarefied,Gower (prop→z),2,1.6686715083857513,0.35741891572121215,0.078,9,3
43,Rarefied,Jaccard (incidence),2,2.2422568907620435,0.4277273963268322,0.1,9,3
43,Rarefied,Gower (sqrt→z),2,4.725334819226365,0.6116673166664863,0.018,9,3
43,Rarefied,Gower (prop→z),2,2.2465046460460907,0.4281907284193711,0.047,9,3
44,Rarefied,Jaccard (incidence),2,2.8627381843674846,0.48829371094904817,0.024,9,3
44,Rarefied,Gower (sqrt→z),2,5.2656808469137575,0.6370534919552161,0.003,9,3
44,Rarefied,Gower (prop→z),2,2.7180617076592886,0.47534669029864984,0.008,9,3
45,Rarefied,Jaccard (incidence),2,2.3273183374281805,0.4368648896156857,0.019,9,3
45,Rarefied,Gower (sqrt→z),2,6.252394394429532,0.6757596064207801,0.005,9,3
45,Rarefied,Gower (prop→z),2,2.2844657719993804,0.4322983382925862,0.022,9,3
46,Rarefied,Jaccard (incidence),2,1.7962243472415147,0.37450799153600683,0.11,9,3
46,Rarefied,Gower (sqrt→z),2,4.738602780817742,0.6123331194312847,0.007,9,3
46,Rarefied,Gower (prop→z),2,1.707745304021008,0.3627522717854719,0.072,9,3
47,Rarefied,Jaccard (incidence),2,1.7324676473653349,0.36608124480889725,0.059,9,3
47,Rarefied,Gower (sqrt→z),2,4.260982348905986,0.5868327650662847,0.009,9,3
47,Rarefied,Gower (prop→z),2,1.870156292888026,0.3840033420732406,0.029,9,3
48,Rarefied,Jaccard (incidence),2,1.9023261550759616,0.38804561240917373,0.045,9,3
48,Rarefied,Gower (sqrt→z),2,4.923843264750345,0.6213958429307069,0.004,9,3
48,Rarefied,Gower (prop→z),2,1.953294938336213,0.39434254625514287,0.05,9,3
49,Rarefied,Jaccard (incidence),2,2.080674153425937,0.40952717899118224,0.019,9,3
49,Rarefied,Gower (sqrt→z),2,4.982207761756799,0.6241641298322044,0.005,9,3
49,Rarefied,Gower (prop→z),2,1.9393429856043927,0.392631771321928,0.047,9,3
50,Rarefied,Jaccard (incidence),2,2.1775254070346155,0.4205726164232914,0.061,9,3
50,Rarefied,Gower (sqrt→z),2,5.665926029424709,0.6538165696529541,0.003,9,3
50,Rarefied,Gower (prop→z),2,2.722782991964952,0.4757795282099398,0.01,9,3
51,Rarefied,Jaccard (incidence),2,2.9204102957285474,0.49327836245328516,0.021,9,3
51,Rarefied,Gower (sqrt→z),2,5.280270497181975,0.6376929955342655,0.001,9,3
51,Rarefied,Gower (prop→z),2,2.869035607754003,0.4888427672790936,0.012,9,3
52,Rarefied,Jaccard (incidence),2,1.8363107747007916,0.37969246813226115,0.142,9,3
52,Rarefied,Gower (sqrt→z),2,3.6010035813212373,0.5455236521172241,0.008,9,3
52,Rarefied,Gower (prop→z),2,0.9554054597659122,0.24154425367619697,0.462,9,3
53,Rarefied,Jaccard (incidence),2,3.16159719257743,0.5131132551777401,0.018,9,3
53,Rarefied,Gower (sqrt→z),2,4.957365023863444,0.6229907775999641,0.003,9,3
53,Rarefied,Gower (prop→z),2,2.13796311510541,0.416111028282761,0.028,9,3
54,Rarefied,Jaccard (incidence),2,2.256003463902548,0.4292241204551034,0.097,9,3
54,Rarefied,Gower (sqrt→z),2,5.03478330602644,0.6266234090283594,0.013,9,3
54,Rarefied,Gower (prop→z),2,2.2638074243553263,0.4300703353775487,0.029,9,3
55,Rarefied,Jaccard (incidence),2,3.427418998011925,0.5332496604114445,0.008,9,3
55,Rarefied,Gower (sqrt→z),2,6.29995598103263,0.6774178279855803,0.002,9,3
55,Rarefied,Gower (prop→z),2,2.029194837540673,0.4034830431292199,0.017,9,3
56,Rarefied,Jaccard (incidence),2,1.266662756385444,0.29687435560492087,0.292,9,3
56,Rarefied,Gower (sqrt→z),2,4.365201961196122,0.5926791938896411,0.011,9,3
56,Rarefied,Gower (prop→z),2,1.5752514544545106,0.3442983342305329,0.139,9,3
57,Rarefied,Jaccard (incidence),2,1.5956009750216789,0.3472018096641108,0.155,9,3
57,Rarefied,Gower (sqrt→z),2,5.8713432708781195,0.6618324972444621,0.014,9,3
57,Rarefied,Gower (prop→z),2,1.6761733496554962,0.3584497888169573,0.097,9,3
58,Rarefied,Jaccard (incidence),2,1.7919202772412959,0.3739461788944667,0.138,9,3
58,Rarefied,Gower (sqrt→z),2,5.073628520363236,0.62841986196994,0.013,9,3
58,Rarefied,Gower (prop→z),2,1.944040318253047,0.3932088318689043,0.097,9,3
59,Rarefied,Jaccard (incidence),2,2.0123495344554505,0.4014782928888608,0.1,9,3
59,Rarefied,Gower (sqrt→z),2,4.461008604322139,0.5979095911694687,0.021,9,3
59,Rarefied,Gower (prop→z),2,1.9876512685414574,0.3985144833758009,0.051,9,3
60,Rarefied,Jaccard (incidence),2,1.654426790916986,0.355452317811844,0.072,9,3
60,Rarefied,Gower (sqrt→z),2,3.72715274368099,0.5540461002884189,0.004,9,3
60,Rarefied,Gower (prop→z),2,1.2635997402581376,0.29636922254377324,0.261,9,3
61,Rarefied,Jaccard (incidence),2,2.6283964068779557,0.46698850202981956,0.008,9,3
61,Rarefied,Gower (sqrt→z),2,6.06396336579503,0.6690189623535773,0.003,9,3
61,Rarefied,Gower (prop→z),2,2.1249395055880886,0.41462723672564616,0.053,9,3
62,Rarefied,Jaccard (incidence),2,3.013105463349514,0.5010897416841757,0.076,9,3
62,Rarefied,Gower (sqrt→z),2,4.886926816225878,0.6196237051638338,0.005,9,3
62,Rarefied,Gower (prop→z),2,2.3063150711243994,0.43463590838673943,0.059,9,3
63,Rarefied,Jaccard (incidence),2,1.114757534138388,0.27091694343827566,0.407,9,3
63,Rarefied,Gower (sqrt→z),2,3.8713656057993786,0.5634055627213281,0.008,9,3
63,Rarefied,Gower (prop→z),2,1.3891069686408242,0.3164896591870919,0.133,9,3
64,Rarefied,Jaccard (incidence),2,2.19478408709349,0.42249765347254,0.113,9,3
64,Rarefied,Gower (sqrt→z),2,4.7069964397279955,0.6107433001349772,0.02,9,3
64,Rarefied,Gower (prop→z),2,2.0217655461751005,0.4026005450841899,0.085,9,3
65,Rarefied,Jaccard (incidence),2,2.2947644303285792,0.43340255464135397,0.094,9,3
65,Rarefied,Gower (sqrt→z),2,4.606093030961736,0.6055793706719006,0.023,9,3
65,Rarefied,Gower (prop→z),2,2.1783235384908965,0.4206619231686167,0.042,9,3
66,Rarefied,Jaccard (incidence),2,2.9286195669580066,0.4939800123590474,0.032,9,3
66,Rarefied,Gower (sqrt→z),2,5.2538592189033615,0.6365336601417597,0.004,9,3
66,Rarefied,Gower (prop→z),2,2.1124906730437463,0.4132018634639512,0.027,9,3
67,Rarefied,Jaccard (incidence),2,1.7578630413835077,0.36946482614017195,0.142,9,3
67,Rarefied,Gower (sqrt→z),2,5.230374552897594,0.6354965401976975,0.026,9,3
67,Rarefied,Gower (prop→z),2,2.293574951972499,0.43327523890407255,0.037,9,3
68,Rarefied,Jaccard (incidence),2,1.960390968529486,0.3952089625529349,0.106,9,3
68,Rarefied,Gower (sqrt→z),2,5.8701257317725855,0.6617860793952367,0.025,9,3
68,Rarefied,Gower (prop→z),2,2.5772630121488516,0.46210175251460195,0.028,9,3
69,Rarefied,Jaccard (incidence),2,1.9270690701755078,0.3911187447808324,0.137,9,3
69,Rarefied,Gower (sqrt→z),2,5.15455978693935,0.6321076700173426,0.014,9,3
69,Rarefied,Gower (prop→z),2,1.473414330942519,0.329371308342923,0.16,9,3
70,Rarefied,Jaccard (incidence),2,2.3273366549197396,0.43686682589703957,0.014,9,3
70,Rarefied,Gower (sqrt→z),2,5.110221661629388,0.6300964233575234,0.003,9,3
70,Rarefied,Gower (prop→z),2,2.4382177246654115,0.44834867747326607,0.027,9,3
71,Rarefied,Jaccard (incidence),2,1.6036308158952524,0.3483404469268677,0.146,9,3
71,Rarefied,Gower (sqrt→z),2,5.327343626261196,0.6397410585364621,0.012,9,3
71,Rarefied,Gower (prop→z),2,1.7981734435406531,0.3747620765900765,0.062,9,3
72,Rarefied,Jaccard (incidence),2,2.756548371313959,0.4788543747934778,0.003,9,3
72,Rarefied,Gower (sqrt→z),2,6.295768978182173,0.6772725304338767,0.006,9,3
72,Rarefied,Gower (prop→z),2,2.214036615072497,0.42463004741321947,0.011,9,3
73,Rarefied,Jaccard (incidence),2,1.7038757685762425,0.3622280545670039,0.151,9,3
73,Rarefied,Gower (sqrt→z),2,4.679958743015787,0.6093729015499956,0.014,9,3
73,Rarefied,Gower (prop→z),2,2.1465446307040836,0.4170846237100292,0.062,9,3
74,Rarefied,Jaccard (incidence),2,1.044257731598187,0.2582075131956348,0.396,9,3
74,Rarefied,Gower (sqrt→z),2,4.332676133201268,0.5908724256323766,0.022,9,3
74,Rarefied,Gower (prop→z),2,1.4027956844527385,0.31861475866489225,0.162,9,3
75,Rarefied,Jaccard (incidence),2,2.1342563686635856,0.415689481672517,0.093,9,3
75,Rarefied,Gower (sqrt→z),2,5.095704920230318,0.6294331340432981,0.012,9,3
75,Rarefied,Gower (prop→z),2,2.407766975245571,0.4452423682949527,0.032,9,3
76,Rarefied,Jaccard (incidence),2,3.556635748965584,0.5424482745631707,0.007,9,3
76,Rarefied,Gower (sqrt→z),2,4.503732839328627,0.6001989857266272,0.004,9,3
76,Rarefied,Gower (prop→z),2,2.63593307364729,0.4677012730993003,0.022,9,3
77,Rarefied,Jaccard (incidence),2,1.6240770592121454,0.35122188458703085,0.14,9,3
77,Rarefied,Gower (sqrt→z),2,5.44726070759115,0.6448552845889977,0.006,9,3
77,Rarefied,Gower (prop→z),2,1.7725454792150794,0.37140462818734676,0.057,9,3
78,Rarefied,Jaccard (incidence),2,1.1633802300867973,0.2794316554802258,0.35,9,3
78,Rarefied,Gower (sqrt→z),2,4.817968793920281,0.6162686141273706,0.018,9,3
78,Rarefied,Gower (prop→z),2,1.2308753891669915,0.2909268829610545,0.316,9,3
79,Rarefied,Jaccard (incidence),2,1.4057056698351393,0.31906481621314037,0.233,9,3
79,Rarefied,Gower (sqrt→z),2,4.058387239592073,0.574973730093423,0.017,9,3
79,Rarefied,Gower (prop→z),2,1.3910937091522786,0.31679891190954246,0.185,9,3
80,Rarefied,Jaccard (incidence),2,2.016282770458988,0.40194759002282066,0.013,9,3
80,Rarefied,Gower (sqrt→z),2,5.6774389863095855,0.6542758750902073,0.002,9,3
80,Rarefied,Gower (prop→z),2,2.3425428232981056,0.43846963904202957,0.025,9,3
81,Rarefied,Jaccard (incidence),2,1.662660738180813,0.3565905459442708,0.164,9,3
81,Rarefied,Gower (sqrt→z),2,4.433459896184204,0.5964194275750406,0.016,9,3
81,Rarefied,Gower (prop→z),2,1.5948954456692688,0.34710157489491356,0.123,9,3
82,Rarefied,Jaccard (incidence),2,0.8791306980567882,0.22663085275708292,0.559,9,3
82,Rarefied,Gower (sqrt→z),2,3.907389107763729,0.5656824954847157,0.021,9,3
82,Rarefied,Gower (prop→z),2,0.8634948608472015,0.2235009730691996,0.66,9,3
83,Rarefied,Jaccard (incidence),2,1.697735853798283,0.36139449016180947,0.145,9,3
83,Rarefied,Gower (sqrt→z),2,5.049267662271029,0.6272952862455095,0.012,9,3
83,Rarefied,Gower (prop→z),2,1.5586849354678554,0.3419154772774154,0.155,9,3
84,Rarefied,Jaccard (incidence),2,1.071622350230991,0.263192962915678,0.417,9,3
84,Rarefied,Gower (sqrt→z),2,3.997213670625435,0.5712579119036894,0.008,9,3
84,Rarefied,Gower (prop→z),2,1.2979956891462276,0.30200023057819014,0.203,9,3
85,Rarefied,Jaccard (incidence),2,3.0180129874878943,0.50149658928331875,0.013,9,3
85,Rarefied,Gower (sqrt→z),2,6.679803690784637,0.6900763594145966,0.005,9,3
85,Rarefied,Gower (prop→z),2,2.601611894362084,0.46443986899209444,0.008,9,3
86,Rarefied,Jaccard (incidence),2,2.0281423903083815,0.4033581853643554,0.012,9,3
86,Rarefied,Gower (sqrt→z),2,4.862484406427783,0.6184412146436282,0.007,9,3
86,Rarefied,Gower (prop→z),2,1.774276115406087,0.37163248888783046,0.038,9,3
87,Rarefied,Jaccard (incidence),2,1.1633661024669122,0.27942921036360097,0.355,9,3
87,Rarefied,Gower (sqrt→z),2,3.8966636693544388,0.5650070608299195,0.02,9,3
87,Rarefied,Gower (prop→z),2,1.0470013243850316,0.25871039825867376,0.375,9,3
88,Rarefied,Jaccard (incidence),2,2.253415769403845,0.4289429712622121,0.041,9,3
88,Rarefied,Gower (sqrt→z),2,5.564871101944081,0.6497320316567228,0.009,9,3
88,Rarefied,Gower (prop→z),2,2.2483787614041364,0.42839491271826796,0.019,9,3
89,Rarefied,Jaccard (incidence),2,1.7856806821041742,0.37312992669603773,0.124,9,3
89,Rarefied,Gower (sqrt→z),2,4.629308715555617,0.6067795770430401,0.017,9,3
89,Rarefied,Gower (prop→z),2,1.8795293222439322,0.3851866026659308,0.044,9,3
90,Rarefied,Jaccard (incidence),2,1.241811475001074,0.2927549897772766,0.364,9,3
90,Rarefied,Gower (sqrt→z),2,4.158581100318467,0.5809225378662628,0.029,9,3
90,Rarefied,Gower (prop→z),2,1.2488020230346486,0.2939186190046833,0.277,9,3
91,Rarefied,Jaccard (incidence),2,1.1050345601030702,0.26919007475428536,0.345,9,3
91,Rarefied,Gower (sqrt→z),2,4.983774295775254,0.6242378743613156,0.002,9,3
91,Rarefied,Gower (prop→z),2,1.8122688814387236,0.3765934377500764,0.041,9,3
92,Rarefied,Jaccard (incidence),2,2.7601936301562047,0.47918417459194934,0.03,9,3
92,Rarefied,Gower (sqrt→z),2,5.049457511213378,0.6273040766013337,0.003,9,3
92,Rarefied,Gower (prop→z),2,1.7679607352288862,0.37080018762864553,0.064,9,3
93,Rarefied,Jaccard (incidence),2,0.9742957850111843,0.2451492887584467,0.484,9,3
93,Rarefied,Gower (sqrt→z),2,4.1143595655831815,0.5783176303721046,0.004,9,3
93,Rarefied,Gower (prop→z),2,1.3033289293424533,0.30286528191132284,0.178,9,3
94,Rarefied,Jaccard (incidence),2,2.608017000764179,0.4650515503802497,0.007,9,3
94,Rarefied,Gower (sqrt→z),2,4.982887507551568,0.6241961323941878,0.003,9,3
94,Rarefied,Gower (prop→z),2,1.530830900436294,0.3378697934387451,0.123,9,3
95,Rarefied,Jaccard (incidence),2,1.7546276963309506,0.36903577070502525,0.081,9,3
95,Rarefied,Gower (sqrt→z),2,5.13344723102852,0.631152706252865,0.004,9,3
95,Rarefied,Gower (prop→z),2,2.165946631231274,0.419273907735867,0.033,9,3
96,Rarefied,Jaccard (incidence),2,2.6977979253868036,0.4734808009541089,0.058,9,3
96,Rarefied,Gower (sqrt→z),2,6.4608991784408705,0.6829054042943102,0.005,9,3
96,Rarefied,Gower (prop→z),2,2.961274790278838,0.4967519355269185,0.008,9,3
97,Rarefied,Jaccard (incidence),2,3.0113406735427293,0.5009432732362551,0.008,9,3
97,Rarefied,Gower (sqrt→z),2,5.85652619180373,0.6612667387833902,0.004,9,3
97,Rarefied,Gower (prop→z),2,2.7459893560136837,0.4778967007900501,0.016,9,3
98,Rarefied,Jaccard (incidence),2,1.0736278312919696,0.2635556991841013,0.419,9,3
98,Rarefied,Gower (sqrt→z),2,4.288601729579107,0.5883984183378833,0.021,9,3
98,Rarefied,Gower (prop→z),2,1.203148811453077,0.28624939668437177,0.289,9,3
99,Rarefied,Jaccard (incidence),2,1.8561652699170386,0.3822286035888455,0.081,9,3
99,Rarefied,Gower (sqrt→z),2,4.073171889975899,0.5758621384203034,0.004,9,3
99,Rarefied,Gower (prop→z),2,1.4756275261082938,0.32970293383448745,0.123,9,3
100,Rarefied,Jaccard (incidence),2,2.1205551689007356,0.41412602715028846,0.097,9,3
100,Rarefied,Gower (sqrt→z),2,6.19438652168856,0.6737139565621564,0.014,9,3
100,Rarefied,Gower (prop→z),2,2.5000493153854917,0.4545503452836343,0.011,9,3
101,Rarefied,Jaccard (incidence),2,1.801756047373279,0.37522856838154034,0.171,9,3
101,Rarefied,Gower (sqrt→z),2,3.7228581969993395,0.5537612259412208,0.006,9,3
101,Rarefied,Gower (prop→z),2,1.1402866228069428,0.27541248389075923,0.344,9,3
102,Rarefied,Jaccard (incidence),2,3.6375223098372444,0.5480241180426914,0.008,9,3
102,Rarefied,Gower (sqrt→z),2,5.964782994106614,0.6653572092071631,0.007,9,3
102,Rarefied,Gower (prop→z),2,2.6859955982850297,0.47238791375342615,0.027,9,3
103,Rarefied,Jaccard (incidence),2,1.175721377904962,0.28156126127716974,0.337,9,3
103,Rarefied,Gower (sqrt→z),2,4.425558967728673,0.5959900105786058,0.025,9,3
103,Rarefied,Gower (prop→z),2,1.7282816147592444,0.36552002515341836,0.071,9,3
104,Rarefied,Jaccard (incidence),2,1.384295848554451,0.31573960708214255,0.227,9,3
104,Rarefied,Gower (sqrt→z),2,3.9584445566670032,0.5688691667269736,0.023,9,3
104,Rarefied,Gower (prop→z),2,1.6775375749263515,0.3586368998762698,0.127,9,3
105,Rarefied,Jaccard (incidence),2,2.930298063479588,0.4941232349728207,0.016,9,3
105,Rarefied,Gower (sqrt→z),2,6.885643910281245,0.6965296315316447,0.004,9,3
105,Rarefied,Gower (prop→z),2,2.7889638441665903,0.4817725450085454,0.002,9,3
106,Rarefied,Jaccard (incidence),2,0.7925664649766736,0.20897892556289016,0.627,9,3
106,Rarefied,Gower (sqrt→z),2,3.4029059011394187,0.5314627379630646,0.037,9,3
106,Rarefied,Gower (prop→z),2,0.6423927091881089,0.17636558176927017,0.846,9,3
107,Rarefied,Jaccard (incidence),2,1.5908162919366875,0.3465214442866726,0.107,9,3
107,Rarefied,Gower (sqrt→z),2,4.521180573114833,0.6011264493869776,0.007,9,3
107,Rarefied,Gower (prop→z),2,2.308101280121968,0.4348261569095255,0.018,9,3
108,Rarefied,Jaccard (incidence),2,2.4575694354334567,0.4503047491210286,0.053,9,3
108,Rarefied,Gower (sqrt→z),2,5.351536129502465,0.6407846468624784,0.007,9,3
108,Rarefied,Gower (prop→z),2,3.136579828802806,0.5111283347249678,0.005,9,3
109,Rarefied,Jaccard (incidence),2,2.6521839265325378,0.4692317095490524,0.063,9,3
109,Rarefied,Gower (sqrt→z),2,6.260749235813417,0.6760521288711373,0.005,9,3
109,Rarefied,Gower (prop→z),2,2.7466755601195323,0.4779590445614788,0.024,9,3
110,Rarefied,Jaccard (incidence),2,1.9726780200727079,0.39670334819785186,0.113,9,3
110,Rarefied,Gower (sqrt→z),2,4.460578614861553,0.5978864167419979,0.015,9,3
110,Rarefied,Gower (prop→z),2,2.0203298707323794,0.40242970536867295,0.086,9,3
111,Rarefied,Jaccard (incidence),2,2.466204250719473,0.4511730878689479,0.036,9,3
111,Rarefied,Gower (sqrt→z),2,5.513976558560054,0.6476382123716604,0.006,9,3
111,Rarefied,Gower (prop→z),2,2.0741882004767467,0.4087724220165633,0.008,9,3
112,Rarefied,Jaccard (incidence),2,2.4056131510137004,0.4450213294605778,0.015,9,3
112,Rarefied,Gower (sqrt→z),2,4.543442650123783,0.6023035980858458,0.006,9,3
112,Rarefied,Gower (prop→z),2,2.4885295781269337,0.45340551466540374,0.003,9,3
113,Rarefied,Jaccard (incidence),2,2.2102050283583563,0.42420692013626055,0.097,9,3
113,Rarefied,Gower (sqrt→z),2,5.503327997513649,0.6471969561944229,0.018,9,3
113,Rarefied,Gower (prop→z),2,2.5731564379271212,0.46170540277964656,0.024,9,3
114,Rarefied,Jaccard (incidence),2,3.0170238825978424,0.5014146430968205,0.008,9,3
114,Rarefied,Gower (sqrt→z),2,5.001703305737765,0.6250798254605622,0.005,9,3
114,Rarefied,Gower (prop→z),2,2.3902395747890943,0.44343846718216007,0.007,9,3
115,Rarefied,Jaccard (incidence),2,3.4194993520664587,0.5326738370906932,0.009,9,3
115,Rarefied,Gower (sqrt→z),2,5.124349974946224,0.6307396888057056,0.006,9,3
115,Rarefied,Gower (prop→z),2,2.713587415470164,0.47493583595532796,0.005,9,3
116,Rarefied,Jaccard (incidence),2,3.1603935793574616,0.5130181275994213,0.009,9,3
116,Rarefied,Gower (sqrt→z),2,4.754933119973665,0.6131494683979702,0.004,9,3
116,Rarefied,Gower (prop→z),2,2.7889908889349826,0.4817749660421528,0.006,9,3
117,Rarefied,Jaccard (incidence),2,1.8026629989569152,0.3753465523915448,0.133,9,3
117,Rarefied,Gower (sqrt→z),2,5.008298178320119,0.6253885740516593,0.01,9,3
117,Rarefied,Gower (prop→z),2,1.6894379551514163,0.3602644861300583,0.104,9,3
118,Rarefied,Jaccard (incidence),2,2.1267289582616056,0.41483155742696914,0.055,9,3
118,Rarefied,Gower (sqrt→z),2,5.6620304814676485,0.6536608816583503,0.007,9,3
118,Rarefied,Gower (prop→z),2,2.6954358583243656,0.4732624377438569,0.003,9,3
119,Rarefied,Jaccard (incidence),2,1.2148013532022282,0.2882226827319568,0.308,9,3
119,Rarefied,Gower (sqrt→z),2,3.6581608202064113,0.5494251218901924,0.011,9,3
119,Rarefied,Gower (prop→z),2,1.0093936469158344,0.25175718220940846,0.451,9,3
120,Rarefied,Jaccard (incidence),2,1.5764654885966098,0.3444722772464388,0.124,9,3
120,Rarefied,Gower (sqrt→z),2,4.185892441113364,0.5825153208756926,0.003,9,3
120,Rarefied,Gower (prop→z),2,1.3492466941968155,0.3102253767295175,0.156,9,3
121,Rarefied,Jaccard (incidence),2,0.7808112615845456,0.2065195027104596,0.73,9,3
121,Rarefied,Gower (sqrt→z),2,4.077741201806917,0.5761359571562022,0.025,9,3
121,Rarefied,Gower (prop→z),2,1.3606255343836482,0.3120253100512942,0.159,9,3
122,Rarefied,Jaccard (incidence),2,2.12439334843642,0.41456484777551783,0.092,9,3
122,Rarefied,Gower (sqrt→z),2,6.00298627843896,0.6667772328849785,0.018,9,3
122,Rarefied,Gower (prop→z),2,2.559766862314232,0.46040902895858804,0.024,9,3
123,Rarefied,Jaccard (incidence),2,4.159378191811466,0.5809691959797223,0.008,9,3
123,Rarefied,Gower (sqrt→z),2,6.5842604816732875,0.6869868044867413,0.01,9,3
123,Rarefied,Gower (prop→z),2,2.654618176056208,0.4694601993281996,0.011,9,3
124,Rarefied,Jaccard (incidence),2,1.4551655604526113,0.3266243511508868,0.145,9,3
124,Rarefied,Gower (sqrt→z),2,3.4932578430172074,0.5379823083375361,0.004,9,3
124,Rarefied,Gower (prop→z),2,1.0653799887772768,0.26206160106025056,0.354,9,3
125,Rarefied,Jaccard (incidence),2,1.7221578553068528,0.36469722276892086,0.134,9,3
125,Rarefied,Gower (sqrt→z),2,3.960577237964094,0.5690012627634498,0.019,9,3
125,Rarefied,Gower (prop→z),2,1.8009389438391135,0.37512223440170994,0.081,9,3
126,Rarefied,Jaccard (incidence),2,2.467320856615463,0.4512851762906877,0.081,9,3
126,Rarefied,Gower (sqrt→z),2,4.672543019984758,0.6089953497574576,0.012,9,3
126,Rarefied,Gower (prop→z),2,2.5350909990322394,0.45800349072408697,0.032,9,3
127,Rarefied,Jaccard (incidence),2,1.587525201793914,0.3460526388330522,0.179,9,3
127,Rarefied,Gower (sqrt→z),2,4.292406359956347,0.5886131611543987,0.016,9,3
127,Rarefied,Gower (prop→z),2,1.7210249709936587,0.36454477185945194,0.139,9,3
128,Rarefied,Jaccard (incidence),2,2.5061367266557024,0.45515337723512544,0.013,9,3
128,Rarefied,Gower (sqrt→z),2,4.913754858432292,0.6209132006656196,0.005,9,3
128,Rarefied,Gower (prop→z),2,2.2911590180014625,0.4330164733674669,0.03,9,3
129,Rarefied,Jaccard (incidence),2,1.6254674985832758,0.35141691063252234,0.144,9,3
129,Rarefied,Gower (sqrt→z),2,5.543985128978509,0.6488757933549132,0.014,9,3
129,Rarefied,Gower (prop→z),2,1.6677787917179439,0.35729602154178547,0.1,9,3
130,Rarefied,Jaccard (incidence),2,1.741515677955201,0.36729092472520036,0.107,9,3
130,Rarefied,Gower (sqrt→z),2,5.7297719063960715,0.6563484095384005,0.003,9,3
130,Rarefied,Gower (prop→z),2,1.7179133781146894,0.3641256717606756,0.1,9,3
131,Rarefied,Jaccard (incidence),2,2.8943777863776434,0.49104042721299124,0.004,9,3
131,Rarefied,Gower (sqrt→z),2,5.79461314434593,0.6588820962604018,0.007,9,3
131,Rarefied,Gower (prop→z),2,2.9042621710695373,0.49189248155344695,0.01,9,3
132,Rarefied,Jaccard (incidence),2,2.4216568878705034,0.4466636192504746,0.015,9,3
132,Rarefied,Gower (sqrt→z),2,4.876318621976951,0.6191113965819982,0.01,9,3
132,Rarefied,Gower (prop→z),2,1.7702179909988778,0.3710979234783767,0.062,9,3
133,Rarefied,Jaccard (incidence),2,3.225197816816697,0.5180876032732926,0.015,9,3
133,Rarefied,Gower (sqrt→z),2,5.163260131397416,0.6324997670401997,0.002,9,3
133,Rarefied,Gower (prop→z),2,2.6475975458961063,0.4688006757528278,0.013,9,3
134,Rarefied,Jaccard (incidence),2,2.6739888863713395,0.4712714353026206,0.075,9,3
134,Rarefied,Gower (sqrt→z),2,5.569443079182471,0.6499189069488279,0.016,9,3
134,Rarefied,Gower (prop→z),2,2.6814540610354487,0.4719661608153093,0.027,9,3
135,Rarefied,Jaccard (incidence),2,1.1448197057419052,0.2762049466605176,0.437,9,3
135,Rarefied,Gower (sqrt→z),2,3.287864621879928,0.5228904913822606,0.029,9,3
135,Rarefied,Gower (prop→z),2,0.7642954437268576,0.20303811301542354,0.718,9,3
136,Rarefied,Jaccard (incidence),2,2.378313442230091,0.4422043206994525,0.012,9,3
136,Rarefied,Gower (sqrt→z),2,5.211337151286711,0.6346514648311692,0.007,9,3
136,Rarefied,Gower (prop→z),2,1.8468904896993064,0.3810464654863462,0.049,9,3
137,Rarefied,Jaccard (incidence),2,2.2514107491689845,0.42872493825116653,0.013,9,3
137,Rarefied,Gower (sqrt→z),2,5.711450191442794,0.6556256496826577,0.002,9,3
137,Rarefied,Gower (prop→z),2,1.7543994473374118,0.36900547940285533,0.053,9,3
138,Rarefied,Jaccard (incidence),2,1.1596737138201556,0.27878958630030054,0.349,9,3
138,Rarefied,Gower (sqrt→z),2,3.507438004902678,0.5389890771545097,0.024,9,3
138,Rarefied,Gower (prop→z),2,1.442303882085758,0.3246747454405495,0.171,9,3
139,Rarefied,Jaccard (incidence),2,0.8232772459704262,0.21533286576016056,0.671,9,3
139,Rarefied,Gower (sqrt→z),2,3.75369701353775,0.5557988470630951,0.008,9,3
139,Rarefied,Gower (prop→z),2,1.2508547631157105,0.29425958608825364,0.274,9,3
140,Rarefied,Jaccard (incidence),2,1.266662756385444,0.29687435560492087,0.291,9,3
140,Rarefied,Gower (sqrt→z),2,4.365201961196122,0.5926791938896411,0.014,9,3
140,Rarefied,Gower (prop→z),2,1.5752514544545106,0.3442983342305329,0.098,9,3
141,Rarefied,Jaccard (incidence),2,2.0988728754512027,0.41163467431328576,0.08,9,3
141,Rarefied,Gower (sqrt→z),2,6.1530971816971975,0.672242090251277,0.013,9,3
141,Rarefied,Gower (prop→z),2,2.359095771022091,0.44020407020495583,0.033,9,3
142,Rarefied,Jaccard (incidence),2,2.154303384686462,0.4179620840882087,0.078,9,3
142,Rarefied,Gower (sqrt→z),2,4.682684803339832,0.6095115084383217,0.007,9,3
142,Rarefied,Gower (prop→z),2,1.8990137882842173,0.3876318521139148,0.085,9,3
143,Rarefied,Jaccard (incidence),2,2.530935784972635,0.45759630618910857,0.059,9,3
143,Rarefied,Gower (sqrt→z),2,5.180471079644877,0.633272953257573,0.024,9,3
143,Rarefied,Gower (prop→z),2,2.485966363141649,0.4531501286344035,0.022,9,3
144,Rarefied,Jaccard (incidence),2,2.1577121786175253,0.41834675993802334,0.063,9,3
144,Rarefied,Gower (sqrt→z),2,5.863654741580686,0.6615391633062413,0.012,9,3
144,Rarefied,Gower (prop→z),2,2.774419961442094,0.4804672988746761,0.002,9,3
145,Rarefied,Jaccard (incidence),2,1.301921444300164,0.3026371962289425,0.309,9,3
145,Rarefied,Gower (sqrt→z),2,4.237495785381842,0.5854919865985494,0.012,9,3
145,Rarefied,Gower (prop→z),2,1.3509720354994412,0.31049890104484784,0.19,9,3
146,Rarefied,Jaccard (incidence),2,2.591821361413467,0.4635021746757521,0.056,9,3
146,Rarefied,Gower (sqrt→z),2,5.084326682342954,0.6289115818943432,0.011,9,3
146,Rarefied,Gower (prop→z),2,2.5001274486047023,0.454558093783617,0.019,9,3
147,Rarefied,Jaccard (incidence),2,3.2313006663713613,0.5185595815990416,0.005,9,3
147,Rarefied,Gower (sqrt→z),2,5.202577019274309,0.6342612824054393,0.007,9,3
147,Rarefied,Gower (prop→z),2,2.155730261122433,0.41812316625213014,0.016,9,3
148,Rarefied,Jaccard (incidence),2,4.046901273635434,0.5742809664123014,0.009,9,3
148,Rarefied,Gower (sqrt→z),2,5.4783947139950575,0.6461594321566579,0.007,9,3
148,Rarefied,Gower (prop→z),2,3.362068694177412,0.5284552644416413,0.007,9,3
149,Rarefied,Jaccard (incidence),2,2.4559044522779234,0.45013699813832797,0.009,9,3
149,Rarefied,Gower (sqrt→z),2,4.969348988906362,0.6235577078910569,0.006,9,3
149,Rarefied,Gower (prop→z),2,2.4149593727811736,0.4459792228396403,0.024,9,3
150,Rarefied,Jaccard (incidence),2,2.048679777025336,0.40578524832335683,0.003,9,3
150,Rarefied,Gower (sqrt→z),2,4.294923006794752,0.5887550838842722,0.003,9,3
150,Rarefied,Gower (prop→z),2,2.159344042088591,0.4185307326809808,0.017,9,3
151,Rarefied,Jaccard (incidence),2,1.5125230105541088,0.3351834454952464,0.136,9,3
151,Rarefied,Gower (sqrt→z),2,5.177508023800478,0.6331400725907501,0.004,9,3
151,Rarefied,Gower (prop→z),2,1.492602596251419,0.332235617166947,0.138,9,3
152,Rarefied,Jaccard (incidence),2,4.344424358862418,0.59152687080507,0.008,9,3
152,Rarefied,Gower (sqrt→z),2,5.332226076992415,0.6399521601695577,0.001,9,3
152,Rarefied,Gower (prop→z),2,2.186262017524039,0.42154870119110904,0.017,9,3
153,Rarefied,Jaccard (incidence),2,1.5927343259929077,0.3467943523270471,0.134,9,3
153,Rarefied,Gower (sqrt→z),2,4.3941374215992335,0.5942731614323786,0.013,9,3
153,Rarefied,Gower (prop→z),2,1.831114440650176,0.37902526697416483,0.057,9,3
154,Rarefied,Jaccard (incidence),2,4.203658099916395,0.5835449214289031,0.008,9,3
154,Rarefied,Gower (sqrt→z),2,5.752225222413423,0.6572300273629439,0.002,9,3
154,Rarefied,Gower (prop→z),2,2.7415912389112687,0.477496764369303,0.014,9,3
155,Rarefied,Jaccard (incidence),2,3.510251278151376,0.5391882936887394,0.011,9,3
155,Rarefied,Gower (sqrt→z),2,7.031431398619825,0.7009399874465816,0.002,9,3
155,Rarefied,Gower (prop→z),2,2.882324253649866,0.4899975127793135,0.011,9,3
156,Rarefied,Jaccard (incidence),2,3.6359063719305738,0.5479140554650087,0.008,9,3
156,Rarefied,Gower (sqrt→z),2,6.223126769436264,0.6747306987103934,0.006,9,3
156,Rarefied,Gower (prop→z),2,2.598112283465696,0.46410506826369846,0.022,9,3
157,Rarefied,Jaccard (incidence),2,2.6717992020217944,0.47106731159830073,0.046,9,3
157,Rarefied,Gower (sqrt→z),2,5.619950898248061,0.6519701753046264,0.009,9,3
157,Rarefied,Gower (prop→z),2,2.637220697844212,0.4678228579648724,0.022,9,3
158,Rarefied,Jaccard (incidence),2,1.3609988944861797,0.3120842099288207,0.204,9,3
158,Rarefied,Gower (sqrt→z),2,4.571477859089683,0.6037761642004341,0.015,9,3
158,Rarefied,Gower (prop→z),2,1.7321161018561178,0.366034151439504,0.073,9,3
159,Rarefied,Jaccard (incidence),2,3.0918002065018055,0.5075347354960712,0.004,9,3
159,Rarefied,Gower (sqrt→z),2,5.542182287117272,0.6488016880037327,0.002,9,3
159,Rarefied,Gower (prop→z),2,2.1286742097975724,0.4150535055884532,0.008,9,3
160,Rarefied,Jaccard (incidence),2,3.4510331249897495,0.5349582087280373,0.014,9,3
160,Rarefied,Gower (sqrt→z),2,5.888915648444811,0.6625010160238303,0.006,9,3
160,Rarefied,Gower (prop→z),2,2.8327537362248685,0.48566318146294857,0.013,9,3
161,Rarefied,Jaccard (incidence),2,2.2661456565513034,0.4303233910235894,0.122,9,3
161,Rarefied,Gower (sqrt→z),2,4.563011312909625,0.6033326044509317,0.004,9,3
161,Rarefied,Gower (prop→z),2,1.5911334514947868,0.34656658716307703,0.121,9,3
162,Rarefied,Jaccard (incidence),2,5.588602817131367,0.6506998793778178,0.005,9,3
162,Rarefied,Gower (sqrt→z),2,5.807222006184816,0.6593704578023275,0.004,9,3
162,Rarefied,Gower (prop→z),2,3.2408469511718048,0.5192960148723549,0.003,9,3
163,Rarefied,Jaccard (incidence),2,3.5503182067419594,0.5420069826665476,0.004,9,3
163,Rarefied,Gower (sqrt→z),2,6.29692320117404,0.677312597395539,0.005,9,3
163,Rarefied,Gower (prop→z),2,2.772930873740946,0.4803332889978023,0.008,9,3
164,Rarefied,Jaccard (incidence),2,2.0008754314867243,0.4001050333884999,0.099,9,3
164,Rarefied,Gower (sqrt→z),2,4.642079498188762,0.6074366930217063,0.017,9,3
164,Rarefied,Gower (prop→z),2,1.3536438077066524,0.31092203852563327,0.229,9,3
165,Rarefied,Jaccard (incidence),2,2.57668069658468,0.4620455853179318,0.082,9,3
165,Rarefied,Gower (sqrt→z),2,5.905507954871566,0.6631298276075408,0.018,9,3
165,Rarefied,Gower (prop→z),2,2.5125671207248543,0.4557889392908605,0.022,9,3
166,Rarefied,Jaccard (incidence),2,3.9854180301561746,0.5705339341111803,0.009,9,3
166,Rarefied,Gower (sqrt→z),2,5.694067947383931,0.6549371343592145,0.005,9,3
166,Rarefied,Gower (prop→z),2,2.888860258541237,0.49056356097960013,0.031,9,3
167,Rarefied,Jaccard (incidence),2,1.6488536385513268,0.3546796192674162,0.164,9,3
167,Rarefied,Gower (sqrt→z),2,4.451490772825084,0.5973959988059396,0.018,9,3
167,Rarefied,Gower (prop→z),2,1.1526185138382032,0.27756426697930786,0.337,9,3
168,Rarefied,Jaccard (incidence),2,2.6698400723281446,0.47088454670148344,0.098,9,3
168,Rarefied,Gower (sqrt→z),2,5.828875586457829,0.660205881188138,0.02,9,3
168,Rarefied,Gower (prop→z),2,2.188559266040453,0.42180481205346415,0.056,9,3
169,Rarefied,Jaccard (incidence),2,2.120235253804308,0.4140894214243349,0.079,9,3
169,Rarefied,Gower (sqrt→z),2,5.090697531443171,0.6292037876411779,0.011,9,3
169,Rarefied,Gower (prop→z),2,2.175057838963661,0.42029633419502616,0.04,9,3
170,Rarefied,Jaccard (incidence),2,1.872385320519532,0.3842851493362359,0.09,9,3
170,Rarefied,Gower (sqrt→z),2,5.261247862192763,0.6368587348977426,0.014,9,3
170,Rarefied,Gower (prop→z),2,2.125485899702533,0.41468963944001674,0.067,9,3
171,Rarefied,Jaccard (incidence),2,1.7693072988500587,0.37097783556045166,0.155,9,3
171,Rarefied,Gower (sqrt→z),2,4.3203884708185205,0.5901856831834827,0.002,9,3
171,Rarefied,Gower (prop→z),2,1.2989750319460482,0.3021592408174633,0.205,9,3
172,Rarefied,Jaccard (incidence),2,2.1692277651662337,0.4196425198719165,0.038,9,3
172,Rarefied,Gower (sqrt→z),2,5.76489487893006,0.6577255013962913,0.005,9,3
172,Rarefied,Gower (prop→z),2,2.286081599294842,0.4324718709601082,0.005,9,3
173,Rarefied,Jaccard (incidence),2,1.5570862887699106,0.341684618219115,0.178,9,3
173,Rarefied,Gower (sqrt→z),2,3.369149295575633,0.528979482066158,0.01,9,3
173,Rarefied,Gower (prop→z),2,1.055809452667607,0.2603202800795226,0.35,9,3
174,Rarefied,Jaccard (incidence),2,2.9009712529693834,0.49160911460288975,0.01,9,3
174,Rarefied,Gower (sqrt→z),2,5.372046815481187,0.641664688920212,0.004,9,3
174,Rarefied,Gower (prop→z),2,2.1014835288649683,0.41193576671853493,0.018,9,3
175,Rarefied,Jaccard (incidence),2,4.526362094188414,0.6014010537286677,0.007,9,3
175,Rarefied,Gower (sqrt→z),2,7.195052402217532,0.7057396194111304,0.007,9,3
175,Rarefied,Gower (prop→z),2,3.5253831264292605,0.5402568796536514,0.005,9,3
176,Rarefied,Jaccard (incidence),2,2.3378384627387794,0.4379747493406278,0.103,9,3
176,Rarefied,Gower (sqrt→z),2,5.138995625652437,0.6314041513249353,0.019,9,3
176,Rarefied,Gower (prop→z),2,2.144249446234951,0.4168245472241467,0.058,9,3
177,Rarefied,Jaccard (incidence),2,0.8962968803433085,0.23003813822942942,0.527,9,3
177,Rarefied,Gower (sqrt→z),2,3.7711117106408074,0.5569412929215897,0.03,9,3
177,Rarefied,Gower (prop→z),2,0.7322544577656149,0.19619628459201924,0.784,9,3
178,Rarefied,Jaccard (incidence),2,2.688007557672708,0.47257454045516895,0.05,9,3
178,Rarefied,Gower (sqrt→z),2,5.9006013645650315,0.6629441228607804,0.008,9,3
178,Rarefied,Gower (prop→z),2,2.15664949051593,0.4182268921869564,0.044,9,3
179,Rarefied,Jaccard (incidence),2,1.8749229377848673,0.3846056566869177,0.101,9,3
179,Rarefied,Gower (sqrt→z),2,5.414908629066006,0.6434898901174428,0.014,9,3
179,Rarefied,Gower (prop→z),2,2.4402325561141387,0.44855298573066027,0.005,9,3
180,Rarefied,Jaccard (incidence),2,1.5157427146141356,0.3356574566812215,0.19,9,3
180,Rarefied,Gower (sqrt→z),2,4.126937898594514,0.5790618576048456,0.017,9,3
180,Rarefied,Gower (prop→z),2,1.4382616000914152,0.32405967238654687,0.208,9,3
181,Rarefied,Jaccard (incidence),2,3.677836470581035,0.5507527006364425,0.01,9,3
181,Rarefied,Gower (sqrt→z),2,5.547159006887681,0.6490061788270857,0.006,9,3
181,Rarefied,Gower (prop→z),2,2.2889884364334194,0.43278378539563944,0.018,9,3
182,Rarefied,Jaccard (incidence),2,2.2575573809991143,0.4293928182615673,0.112,9,3
182,Rarefied,Gower (sqrt→z),2,4.790657558903223,0.6149233903149065,0.009,9,3
182,Rarefied,Gower (prop→z),2,1.9469576978173713,0.39356667607575885,0.055,9,3
183,Rarefied,Jaccard (incidence),2,2.9076411276899896,0.4921831006391781,0.01,9,3
183,Rarefied,Gower (sqrt→z),2,5.854715825738575,0.6611974840254381,0.007,9,3
183,Rarefied,Gower (prop→z),2,2.4286264042363155,0.44737401754909817,0.017,9,3
184,Rarefied,Jaccard (incidence),2,2.167069823910433,0.41940014316864743,0.076,9,3
184,Rarefied,Gower (sqrt→z),2,5.141574165047638,0.6315208902868913,0.007,9,3
184,Rarefied,Gower (prop→z),2,2.348999698971128,0.43914747264296067,0.019,9,3
185,Rarefied,Jaccard (incidence),2,3.929123669446944,0.5670448179142616,0.004,9,3
185,Rarefied,Gower (sqrt→z),2,5.670846834296679,0.6540130327139678,0.005,9,3
185,Rarefied,Gower (prop→z),2,3.2619118764225354,0.5209130918472913,0.007,9,3
186,Rarefied,Jaccard (incidence),2,1.7655013335261962,0.3704754673145432,0.124,9,3
186,Rarefied,Gower (sqrt→z),2,4.437556953578863,0.5966417442280646,0.023,9,3
186,Rarefied,Gower (prop→z),2,2.5277814198014017,0.45728678973204007,0.011,9,3
187,Rarefied,Jaccard (incidence),2,0.9144328090002811,0.23360544263213978,0.56,9,3
187,Rarefied,Gower (sqrt→z),2,3.649346151496004,0.5488278198112689,0.016,9,3
187,Rarefied,Gower (prop→z),2,1.0361195600421595,0.2567118105964473,0.496,9,3
188,Rarefied,Jaccard (incidence),2,5.247121663057595,0.6362367232390556,0.012,9,3
188,Rarefied,Gower (sqrt→z),2,5.554452106147114,0.6493054186551304,0.002,9,3
188,Rarefied,Gower (prop→z),2,3.1564337248672563,0.512704897986263,0.008,9,3
189,Rarefied,Jaccard (incidence),2,2.267391198752628,0.4304580983636774,0.13,9,3
189,Rarefied,Gower (sqrt→z),2,4.7448116825956195,0.6126439062757726,0.011,9,3
189,Rarefied,Gower (prop→z),2,2.3233441209213233,0.43644447327579805,0.062,9,3
190,Rarefied,Jaccard (incidence),2,3.3714278068453636,0.5291479255596608,0.01,9,3
190,Rarefied,Gower (sqrt→z),2,4.8435404428219515,0.6175196619601213,0.003,9,3
190,Rarefied,Gower (prop→z),2,2.2713769614079244,0.43088873704855774,0.017,9,3
191,Rarefied,Jaccard (incidence),2,1.5218193088977003,0.33655022568088405,0.122,9,3
191,Rarefied,Gower (sqrt→z),2,4.384886581919485,0.5937649188350517,0.007,9,3
191,Rarefied,Gower (prop→z),2,1.497857218919481,0.3330157330515064,0.08,9,3
192,Rarefied,Jaccard (incidence),2,2.048581675106752,0.4057737017918869,0.096,9,3
192,Rarefied,Gower (sqrt→z),2,5.453534907395412,0.6451188724168504,0.005,9,3
192,Rarefied,Gower (prop→z),2,2.2123809739368094,0.4244472890602703,0.018,9,3
193,Rarefied,Jaccard (incidence),2,2.8408864261192255,0.48637932992762445,0.009,9,3
193,Rarefied,Gower (sqrt→z),2,5.2581199659901365,0.6367211892833885,0.003,9,3
193,Rarefied,Gower (prop→z),2,2.0352271420697945,0.4041976825762796,0.015,9,3
194,Rarefied,Jaccard (incidence),2,0.9367683921806708,0.23795364595014243,0.548,9,3
194,Rarefied,Gower (sqrt→z),2,3.2585187669888227,0.5206533507858445,0.041,9,3
194,Rarefied,Gower (prop→z),2,1.1245782172174166,0.2726529012161869,0.406,9,3
195,Rarefied,Jaccard (incidence),2,0.916678059348686,0.23404478117895725,0.479,9,3
195,Rarefied,Gower (sqrt→z),2,4.0137359069513865,0.5722678983355123,0.007,9,3
195,Rarefied,Gower (prop→z),2,1.0772117412564945,0.26420304110193815,0.441,9,3
196,Rarefied,Jaccard (incidence),2,2.425603874539437,0.44706615717413384,0.011,9,3
196,Rarefied,Gower (sqrt→z),2,5.12336431678796,0.630694884162696,0.002,9,3
196,Rarefied,Gower (prop→z),2,1.8340937435723055,0.3794079802467679,0.035,9,3
197,Rarefied,Jaccard (incidence),2,2.9235778046376417,0.49354932121407047,0.007,9,3
197,Rarefied,Gower (sqrt→z),2,5.2576182109154885,0.6366991154865463,0.004,9,3
197,Rarefied,Gower (prop→z),2,3.270032949183303,0.5215336148447576,0.004,9,3
198,Rarefied,Jaccard (incidence),2,3.309244159194815,0.5245072271251491,0.01,9,3
198,Rarefied,Gower (sqrt→z),2,5.965716058773235,0.6653920355793105,0.003,9,3
198,Rarefied,Gower (prop→z),2,3.003522022320102,0.5002933296743984,0.002,9,3
199,Rarefied,Jaccard (incidence),2,3.711948968800091,0.5530359342800075,0.012,9,3
199,Rarefied,Gower (sqrt→z),2,4.367256020038246,0.5927927586824349,0.008,9,3
199,Rarefied,Gower (prop→z),2,2.773612240129293,0.4803946168832394,0.013,9,3
